{"cameraMode":{"drawMode":2,"name":"Shaded Wireframe","section":"Shading Mode"},"sceneLighting":true,"audioPlay":false,"sceneViewState":{"m_AlwaysRefresh":true,"showFog":true,"showSkybox":true,"showFlares":true,"showImageEffects":true,"showParticleSystems":true,"showVisualEffectGraphs":true,"m_FxEnabled":true},"in2DMode":false,"pivot":{"x":0.2117518186569214,"y":-0.47044089436531069,"z":-0.3938840925693512},"rotation":{"x":0.3273301422595978,"y":0.046748243272304538,"z":-0.01621302217245102,"w":0.9436221122741699},"size":10.134929656982422,"orthographic":false}